/*
Navicat MySQL Data Transfer

Source Server         : localhost_3306
Source Server Version : 50536
Source Host           : localhost:3306
Source Database       : accounting_db

Target Server Type    : MYSQL
Target Server Version : 50536
File Encoding         : 65001

Date: 2026-02-24 15:47:42

说明：本仓库数据库目录仅保留此「完整建库 + 示例数据」脚本。若无 accounting_db 会先创建再导入；也可在已存在库中执行（需与 USE 一致）。
*/

CREATE DATABASE IF NOT EXISTS `accounting_db` DEFAULT CHARACTER SET utf8 COLLATE utf8_bin;
USE `accounting_db`;

SET FOREIGN_KEY_CHECKS=0;

-- ----------------------------
-- Table structure for sys_article
-- ----------------------------
DROP TABLE IF EXISTS `sys_article`;
CREATE TABLE `sys_article` (
  `id` varchar(36) COLLATE utf8_bin NOT NULL COMMENT '主键',
  `name` varchar(255) COLLATE utf8_bin DEFAULT NULL COMMENT '名称',
  `type` varchar(255) COLLATE utf8_bin DEFAULT NULL COMMENT '类型',
  `img` varchar(512) COLLATE utf8_bin DEFAULT NULL COMMENT '图片（本地路径或外链封面）',
  `content` longtext COLLATE utf8_bin COMMENT '内容',
  `source_url` varchar(768) COLLATE utf8_bin DEFAULT NULL COMMENT '外链原文',
  `create_time` datetime DEFAULT NULL COMMENT '创建时间',
  PRIMARY KEY (`id`)
) ENGINE=InnoDB DEFAULT CHARSET=utf8 COLLATE=utf8_bin;

-- 若库已存在且 img 仍为 varchar(255)，请执行：
-- ALTER TABLE `sys_article` MODIFY COLUMN `img` varchar(512) COLLATE utf8_bin DEFAULT NULL COMMENT '图片（本地路径或外链封面）';

-- ----------------------------
-- Table structure for sys_article_favorite
-- ----------------------------
DROP TABLE IF EXISTS `sys_article_favorite`;
CREATE TABLE `sys_article_favorite` (
  `id` varchar(36) COLLATE utf8_bin NOT NULL,
  `user_id` varchar(36) COLLATE utf8_bin NOT NULL COMMENT '用户',
  `article_id` varchar(36) COLLATE utf8_bin NOT NULL COMMENT '资讯',
  `create_time` varchar(32) COLLATE utf8_bin DEFAULT NULL,
  PRIMARY KEY (`id`),
  UNIQUE KEY `uk_user_article` (`user_id`,`article_id`)
) ENGINE=InnoDB DEFAULT CHARSET=utf8 COLLATE=utf8_bin;

-- ----------------------------
-- Records of sys_article
-- ----------------------------
INSERT INTO `sys_article` VALUES ('2018694275570597890', '舜宇智行港股IPO：左手突击“清仓式”分红右手募资补流 ', null, '/image/1770129194108.jpg', 0x3C70207374796C653D22746578742D616C69676E3A2073746172743B223EE38080E587BAE59381EFBC9AE696B0E6B5AAE8B4A2E7BB8FE4B88AE5B882E585ACE58FB8E7A094E7A9B6E999A23C2F703E3C70207374796C653D22746578742D616C69676E3A2073746172743B223EE38080E38080E4BD9CE88085EFBC9AE5909B3C2F703E3C70207374796C653D22746578742D616C69676E3A2073746172743B223EE38080E3808032303236E5B9B431E69C883236E697A5EFBC8CE5AE81E6B3A2E8889CE5AE87E699BAE8A18CE7A791E68A80E882A1E4BBBDE69C89E99990E585ACE58FB8EFBC88E4B88BE7A7B0E2809CE8889CE5AE87E699BAE8A18CE2809DE68896E2809CE585ACE58FB8E2809DEFBC89E59091E88194E4BAA4E68980E4B8BBE69DBFE68F90E4BAA4E4B88AE5B882E794B3E8AFB7EFBC8CE4B8ADE98791E585ACE58FB82833342E3335302C20302E31352C20302E34342529E38081E4B8ADE4BFA1E8AF81E588B82832372E3937302C20302E31312C20302E33392529E4B8BAE88194E5B8ADE4BF9DE88D90E4BABAE380823C2F703E3C70207374796C653D22746578742D616C69676E3A2073746172743B223EE38080E38080E8889CE5AE87E699BAE8A18CE79A84E4BAA7E59381E7BB93E69E84E6988EE698BEE2809CE5818FE7A791E2809DEFBC8CE694B6E585A5E5A29EE995BFE9AB98E5BAA6E4BE9DE8B596E8BDA6E8BDBDE79BB8E69CBAE8A7A3E586B3E696B9E6A188EFBC8CE585B6E4BB96E8BDA6E8BDBDE58589E5ADA6E8A7A3E586B3E696B9E6A188E79A84E694B6E585A5E5B7B2E7BB8FE587BAE78EB0E4B88BE6BB91EFBC8CE99ABEE4BBA5E68890E4B8BAE7ACACE4BA8CE69DA1E5A29EE995BFE69BB2E7BABFE38082E5908CE697B6EFBC8CE8889CE5AE87E699BAE8A18CE8AEAEE4BBB7E883BDE58A9BE7BCBAE5A4B1EFBC8CE4B8BAE7BBB4E68C81E5B882E59CBAE4BBBDE9A29DE9998DE4BD8EE4BAA7E59381E594AEE4BBB7EFBC8CE5AFBCE887B4E68AA5E5918AE69C9FE58685E6AF9BE588A9E78E87E68C81E7BBADE4B88BE6BB91E380823C2F703E3C70207374796C653D22746578742D616C69676E3A2073746172743B223EE38080E38080E8889CE5AE87E699BAE8A18CE79A84E4B89AE58AA1E9809AE8BF87E58F97E8AEA9E68EA7E882A1E882A1E4B89CE8B584E4BAA7E58F96E5BE97EFBC8CE4BD86E59CA8E9878DE7BB84E5AE8CE68890E5898DEFBC8CE79BB8E585B3E8B584E4BAA7E5B7B2E7BAB7E7BAB7E2809CE6B885E4BB93E5BC8FE2809DE58886E7BAA2EFBC8CE8AEA9E8889CE5AE87E58589E5ADA6E7A791E68A80E2809CE890BDE8A28BE4B8BAE5AE89E2809DEFBC8CE58886E7BAA2E98791E9A29DE680BBE8AEA1E8B6853234E4BABFE58583EFBC8CE79BB4E68EA5E5AFBCE887B4E585ACE58FB8E890A5E8BF90E8B584E98791E2809CE885B0E696A9E2809DEFBC8CE78EB0E98791E58F8AE78EB0E98791E7AD89E4BBB7E789A9E9AAA4E5878FE4B883E68890E380823C2F703E3C70207374796C653D22746578742D616C69676E3A2073746172743B223E3C7374726F6E673E20E5B7A6E6898BE2809CE6B885E4BB93E5BC8FE2809DE58FB3E6898BE58B9FE8B584E8A1A5E6B5813C2F7374726F6E673E3C2F703E3C70207374796C653D22746578742D616C69676E3A2073746172743B223EE38080E38080E8889CE5AE87E699BAE8A18CE5889BE7AB8BE4BA8E32303235E5B9B43131E69C883132E697A5E38082E6ACA1E69C88EFBC8CE8889CE5AE87E58589E5ADA6E7A791E68A80E5AE8CE68890E9878DE7BB84EFBC8CE5B086E69797E4B88BE4BB8EE4BA8BE8BDA6E8BE86E79BB8E585B3E79A84E58589E5ADA6E4B89AE58AA1E8BDACE8AEA9E4BA88E585ACE58FB8EFBC8CE58C85E68BACE6B599E6B19FE8889CE5AE87E699BAE9A286E68A80E69CAFE69C89E99990E585ACE58FB8E38081E5AE81E6B3A2E8889CE5AE87E8BDA6E8BDBDE58589E5ADA6E68A80E69CAFE69C89E99990E585ACE58FB8E38081E8889CE5AE87E8B68AE58D97E8BDA6E8BDBDE58589E5ADA6E69C89E99990E585ACE58FB8E58F8AE8889CE5AE87E8BDA6E8BDBDE58589E5ADA6EFBC88E8B68AE58D97EFBC89E69C89E99990E585ACE58FB8E79A8431303025E882A1E69D83E380823C2F703E3C70207374796C653D22746578742D616C69676E3A2073746172743B223EE38080E38080E8889CE5AE87E699BAE8A18CE79A84E4B89AE58AA1E4B8BBE8A681E9809AE8BF87E8BF99E59B9BE5AEB6E99984E5B19EE585ACE58FB8E5BC80E5B195EFBC8CE4B893E6B3A8E4BA8EE68F90E4BE9BE8BDA6E8BDBDE79BB8E69CBAE8A7A3E586B3E696B9E6A188EFBC8CE6B6B5E79B96E699BAE883BDE6849FE79FA5E58F8AE699BAE883BDE5BAA7E888B1E8A7A3E586B3E696B9E6A188EFBC8CE5B9B6E6ADA3E5B086E4BAA7E59381E7BB84E59088E689A9E5B195E887B3E585B6E4BB96E8BDA6E8BDBDE58589E5ADA6E8A7A3E586B3E696B9E6A188E9A286E59F9FEFBC8CE58C85E68BACE6BF80E58589E99BB7E8BEBEE38081E888B1E58685E68A95E5BDB1E698BEE7A4BAE58F8AE699BAE883BDE8BDA6E781AFE8A7A3E586B3E696B9E6A188E380823C2F703E3C70207374796C653D22746578742D616C69676E3A2073746172743B223E3C696D67207372633D2268747470733A2F2F6E2E73696E61696D672E636E2F66696E616E63652F3738372F7731313139683436382F32303236303230332F336265622D64646437336536303332643836653934623864373966393062643737626239652E706E672220616C743D222220646174612D687265663D2222207374796C653D22223E3C2F703E3C70207374796C653D22746578742D616C69676E3A2073746172743B223E3C62723E3C2F703E3C70207374796C653D22746578742D616C69676E3A2073746172743B223EE38080E38080E580BCE5BE97E6B3A8E6848FE79A84E698AFEFBC8CE8889CE5AE87E699BAE8A18CE68890E7AB8BE5898DE5A495EFBC8CE585B63C7374726F6E673EE99984E5B19EE585ACE58FB8E5AD98E59CA8E7AA81E587BBE2809CE6B885E4BB93E5BC8FE2809DE58886E7BAA2E68385E5BDA23C2F7374726F6E673EE3808232303233E5B9B4E58F8A32303234E5B9B4EFBC8CE88BA5E5B9B2E99984E5B19EE585ACE58FB8E58886E588ABE6B4BEE58F91E882A1E681AF322E3835E4BABFE58583E38081352E3536E4BABFE58583EFBC8CE58886E588ABE58DA0E59088E5B9B6E68AA5E8A1A8E58780E588A9E6B6A6E79A8432342E393925E3808134332E373225E380823C7374726F6E673E32303235E5B9B43130E69C88E887B33132E69C88EFBC8CE59088E8AEA1E6B4BEE58F91E882A1E681AF32342E3434E4BABFE585833C2F7374726F6E673EEFBC8CE7BAA6E698AFE5898DE4B8A4E5B9B4E58886E7BAA2E680BBE9A29DE79A8433E5808DEFBC8CE58DA032303235E5B9B4E5898DE4B889E5ADA3E5BAA6E59088E5B9B6E68AA5E8A1A8E58780E588A9E6B6A6E79A843235312E333125E380823C2F703E3C70207374796C653D22746578742D616C69676E3A2073746172743B223EE38080E38080E68AA5E5918AE69C9FE58685EFBC8CE8889CE5AE87E699BAE8A18CE99984E5B19EE585ACE58FB8E79A843C7374726F6E673EE58886E7BAA2E680BBE9A29DE9AB98E8BEBE33322E3835E4BABFE58583EFBC8CE58DA0E59088E5B9B6E68AA5E8A1A8E58780E588A9E6B6A6E680BBE9A29DE79A8439372E3036253C2F7374726F6E673EEFBC8CE68EA5E8BF9131303025E38082E8BF99E6848FE591B3E79D80EFBC8C3C7374726F6E673EE8889CE5AE87E58589E5ADA6E7A791E68A80E59CA8E9878DE7BB84E5898DE5B7B2E5B086E7BB9DE5A4A7E983A8E58886E588A9E6B6A6E2809CE890BDE8A28BE4B8BAE5AE89E2809D3C2F7374726F6E673EE380823C2F703E3C70207374796C653D22746578742D616C69676E3A2073746172743B223E3C696D67207372633D2268747470733A2F2F6E2E73696E61696D672E636E2F66696E616E63652F3538372F77383539683532382F32303236303230332F336263662D61353938623562323162626466386563653330623933313562636533343339382E706E672220616C743D222220646174612D687265663D2222207374796C653D22223E3C2F703E3C70207374796C653D22746578742D616C69676E3A2073746172743B223E3C62723E3C2F703E3C70207374796C653D22746578742D616C69676E3A2073746172743B223EE38080E38080E7AA81E587BBE2809CE6B885E4BB93E5BC8FE2809DE58886E7BAA2E5AFB9E8889CE5AE87E699BAE8A18CE79A84E8B4A2E58AA1E78AB6E586B5E980A0E68890E589A7E78388E586B2E587BBE38082E688AAE887B332303233E5B9B4E5BA95E3808132303234E5B9B4E5BA95E58F8A32303235E5B9B439E69C88E5BA95EFBC8CE8889CE5AE87E699BAE8A18CE79A84E890A5E8BF90E8B584E98791EFBC88E6B581E58AA8E8B584E4BAA72DE6B581E58AA8E8B49FE580BAEFBC89E58886E588ABE4B8BA32372E3833E4BABFE58583E3808133332E3930E4BABFE58583E3808133352E3333E4BABFE58583EFBC8CE98090E5B9B4E5A29EE995BFE38082E4BD863C7374726F6E673EE688AAE887B332303235E5B9B43131E69C88E5BA95EFBC8CE585ACE58FB8E890A5E8BF90E8B584E98791E9998DE887B331382E3338E4BABFE58583EFBC8CE78EB0E98791E58F8AE78EB0E98791E7AD89E4BBB7E789A9E9998DE887B3362E3639E4BABFE585833C2F7374726F6E673EEFBC8CE58886E588ABE8BE8332E4B8AAE69C88E5898D3C7374726F6E673EE5878FE5B09134372E393625E3808137372E3636253C2F7374726F6E673EE380823C2F703E3C70207374796C653D22746578742D616C69676E3A2073746172743B223EE38080E38080E68DAEE68B9BE882A1E4B9A6E68AABE99CB2EFBC8CE8889CE5AE87E699BAE8A18CE8AEA1E58892E5B086E69CACE6ACA1E6B8AFE882A1E4B88AE5B882E58B9FE99B86E79A84E8B584E98791E794A8E4BA8EEFBC9AE291A0E8BDA6E8BDBDE79BB8E69CBAE8A7A3E586B3E696B9E6A188E58F8AE585B6E4BB96E8BDA6E8BDBDE58589E5ADA6E8A7A3E586B3E696B9E6A188E79A84E7A094E58F91EFBC8CE4BBA5E58F8AE5BBBAE7AB8BE585A8E99DA2E79A84E6B58BE8AF95E7B3BBE7BB9FEFBC8CE4BBA5E68F90E58D87E585ACE58FB8E68A80E69CAFE5AE9EE58A9BE58F8AE689A9E5BCA0E4BAA7E59381E79FA9E998B5EFBC9BE291A1E68F90E58D87E585ACE58FB8E79A84E7949FE4BAA7E883BDE58A9BE4BBA5E58F8AE4BC98E58C96E4BE9BE5BA94E993BEE7AEA1E79086EFBC9BE291A2E9809AE8BF87E58AA0E5BCBAE99DA2E59091E59088E4BD9CE4BC99E4BCB4E79A84E99480E594AEE59BA2E9989FE983A8E7BDB2E58F8AE5A29EE5BCBAE68A80E69CAFE694AFE68C81E59BA2E9989FEFBC8CE794A8E4BA8EE4BC98E58C96E585ACE58FB8E79A84E99480E594AEE58F8AE69C8DE58AA1E7BD91E7BB9CEFBC9BE291A3E8A1A5E58585E890A5E8BF90E8B584E98791E58F8AE4B880E888ACE585ACE58FB8E794A8E98094E380823C2F703E3C70207374796C653D22746578742D616C69676E3A2073746172743B223EE38080E38080E7AE80E58D95E69DA5E8AEB2EFBC8CE5B0B1E698AFE5B086E58B9FE99B86E8B584E98791E68A95E585A5E7949FE4BAA7E38081E7A094E58F91E38081E99480E594AEE78EAFE88A82E58F8AE8A1A5E58585E6B581E58AA8E8B584E98791E380823C2F703E3C70207374796C653D22746578742D616C69676E3A2073746172743B223EE38080E38080E58FAFE997AEE9A298E59CA8E4BA8EEFBC8CE688AAE887B332303235E5B9B439E69C88E5BA95EFBC8CE8889CE5AE87E699BAE8A18CE79A84E78EB0E98791E58F8AE78EB0E98791E7AD89E4BBB7E789A9E4BD99E9A29DE9AB98E8BEBE32392E3935E4BABFE58583EFBC8CE58DA0E6B581E58AA8E8B584E4BAA7E79A84343225EFBC8CE69CACE6B2A1E69C89E5BF85E8A681E4B88AE5B882E89E8DE8B584E38082E4BD86E4BB85E4BB85E8BF87E58EBB32E4B8AAE69C88EFBC8CE794B1E4BA8EE2809CE6B885E4BB93E5BC8FE2809DE58886E7BAA2E8B6853234E4BABFE58583EFBC8CE8889CE5AE87E699BAE8A18CE79A84E78EB0E98791E7BB93E4BD99E5A4A7E5B985E5878FE5B091EFBC8CE7BB99E4B88AE5B882E89E8DE8B584E68F90E4BE9BE4BA86E5A591E69CBAE380823C2F703E3C70207374796C653D22746578742D616C69676E3A2073746172743B223EE38080E38080E5B0BDE7AEA1E88194E4BAA4E68980E69CAAE99288E5AFB949504FE5898DE2809CE6B885E4BB93E5BC8FE2809DE58886E7BAA2E8AEBEE7BDAEE6988EE7A1AEE79A84E99990E588B6E8A784E58899EFBC8CE4BD86E88BA5E794B3E8AFB7E4BABA3C7374726F6E673EE69CAAE883BDE8AF81E6988EE4B88AE5B882E79A84E59586E4B89AE79086E68DAE3C2F7374726F6E673EEFBC8CE58899E69E81E69C89E58FAFE883BDE4BC9AE8A2ABE8AEA4E5AE9AE4B8BAE4B88DE98082E59088E4B88AE5B882EFBC8CE4B88DE8AEBAE8AFA5E794B3E8AFB7E4BABAE79A84E4B89AE58AA1E680A7E8B4A8E58F8AE79BB8E585B3E8B4A2E58AA1E78AB6E586B5E5A682E4BD95E380823C2F703E3C70207374796C653D22746578742D616C69676E3A2073746172743B223EE38080E38080E59CA8E8A2ABE68B92E7BB9DE79086E794B1E4B8BAE2809CE7BCBAE4B98FE59586E4B89AE79086E68DAEE694AFE68C81E99B86E8B584E99C80E8A681E2809DE79A84E6A188E4BE8BE4B8ADEFBC8CE585B7E4BD93E68385E586B5E58FAFE58886E4B8BAE4BBA5E4B88BE4B889E7A78DEFBC9AE291A0E99B86E8B584E8AEA1E58892E5B9B6E697A0E99C80E6B182E694AFE68C81EFBC9BE291A1E69CAAE883BDE58585E58886E8AF81E6988EE99B86E8B584E8AEA1E58892E79A84E59088E79086E680A7E68896E5A5BDE5A484EFBC9BE291A23C7374726F6E673EE585ACE58FB8E887AAE8BAABE8B584E98791E68896E78EB0E98791E6B581E58585E8A395EFBC8CE8B6B3E4BBA5E6BBA1E8B6B3E99B86E8B584E99C80E8A6813C2F7374726F6E673EE380823C2F703E3C70207374796C653D22746578742D616C69676E3A2073746172743B223EE38080E38080E4BB8EE79BAEE5898DE79A84E68385E586B5E69DA5E79C8BEFBC8CE8889CE5AE87E699BAE8A18CE5BE88E99ABEE69186E884B1E4B88AE5B882E2809CE59C88E992B1E2809DE79A84E5AB8CE79691E380823C2F703E3C70207374796C653D22746578742D616C69676E3A2073746172743B223E3C7374726F6E673E20E68EA7E882A1E882A1E4B89CE698AFE5AEA2E688B7E585BCE69C80E5A4A7E4BE9BE5BA94E595863C2F7374726F6E673E3C2F703E, NULL, '2026-02-03 22:33:15');
INSERT INTO `sys_article` VALUES ('2018694377316024322', '歌尔股份股价连跌后火速加码回购，昨日收盘价已跌破回购均价', null, '/image/1770129218816.jpg', 0x3C70207374796C653D22746578742D616C69676E3A2073746172743B223EE38080E6AF8FE7BB8FE8AEB0E880857CE997ABE5B3B0E5B3B020266E6273703B20266E6273703BE6AF8FE7BB8FE7BC96E8BE917CE590B4E6B0B8E4B98520266E6273703B20266E6273703B3C2F703E3C70207374796C653D22746578742D616C69676E3A2073746172743B223EE38080E38080E4BCB4E99A8FE882A1E4BBB7E887AAE9AB98E782B9E59B9EE890BDE8B685333525EFBC8CE6AD8CE5B094E882A1E4BBBD2832362E3336302C20302E33302C20312E31352529E58AA0E7A081E4BA86E59B9EE8B4ADE98791E9A29DEFBC8CE585ACE58FB8E59B9EE8B4ADE98791E9A29DE4BB8E35E4BABF7E3130E4BABFE58583E68F90E58D87E887B33130E4BABF7E3135E4BABFE58583E38082E3808AE6AF8FE697A5E7BB8FE6B58EE696B0E997BBE3808BE8AEB0E88085E58F91E78EB0EFBC8CE585ACE58FB8E698A8E697A5E694B6E79B98E4BBB7E5B7B2E8B78CE7A0B4E585ACE58FB8E79A84E59B9EE8B4ADE59D87E4BBB732372E3332E58583EFBC8CE585ACE58FB8E79A84E68EA7E882A1E882A1E4B89CE69BBEE59CA83230E58583E99984E8BF91E5A4A7E8A784E6A8A1E5A29EE68C81E38082E8808CE59CA8E585ACE5B883E696B0E59B9EE8B4ADE696B9E6A188E6ACA1E697A5EFBC8CE585ACE58FB8E585ACE5B883E79A84E59B9EE8B4ADE8BF9BE5BAA6E698BEE7A4BAEFBC8CE585B6E59B9EE8B4ADE98791E9A29DE5B7B2E8BEBE31312E3038E4BABFE58583EFBC8CE8BF99E8AFB4E6988EE585B6E59CA832E69C8832E697A5E59B9EE8B4ADE4BA86312E3538E4BABFE58583E380823C2F703E3C70207374796C653D22746578742D616C69676E3A2073746172743B223EE38080E3808032303236E5B9B432E69C8831E697A5E6999AE997B4EFBC8CE6AD8CE5B094E882A1E4BBBDE58F91E5B883E585ACE5918AEFBC8CE5B086E882A1E4BBBDE59B9EE8B4ADE8B584E98791E680BBE9A29DE4BB8EE58E9FE8AEA1E58892E79A8435E4BABF7E3130E4BABFE58583E68F90E58D87E887B33130E4BABF7E3135E4BABFE58583EFBC8CE59B9EE8B4ADE4B88BE99990E98791E9A29DE5A29EE5B985E8BEBE31303025E38082E6ADA4E6ACA1E8B083E695B4E4BB85E6B689E58F8AE59B9EE8B4ADE8A784E6A8A1EFBC8CE4B88DE6B689E58F8AE59B9EE8B4ADE4BBB7E6A0BCE4B88AE99990E38081E59B9EE8B4ADE69C9FE99990E38081E59B9EE8B4ADE794A8E98094E7AD89E69DA1E6ACBEE380823C2F703E3C70207374796C653D22746578742D616C69676E3A2073746172743B223EE38080E38080E688AAE887B332303236E5B9B431E69C883331E697A5EFBC8CE6AD8CE5B094E882A1E4BBBDE5B7B2E7B4AFE8AEA1E59B9EE8B4ADE882A1E4BBBD333434392E37E4B887E882A1EFBC8CE58DA0E680BBE882A1E69CACE79A84302E393725EFBC8CE694AFE4BB98E680BBE9A29DE7BAA6392E35E4BABFE58583EFBC8CE5B7B2E68EA5E8BF91E58E9FE696B9E6A188E4B88AE99990E5928CE696B0E696B9E6A188E79A84E4B88BE99990EFBC8CE59B9EE8B4ADE59D87E4BBB7E7BAA6E4B8BA32372E35E585832FE882A1E38082E585ACE58FB8E8A1A8E7A4BAEFBC8CE6ADA4E6ACA1E4B88AE8B083E59B9EE8B4ADE8B584E98791E98791E9A29DE698AFE59FBAE4BA8EE5AFB9E585ACE58FB8E69CAAE69DA5E58F91E5B195E79A84E4BFA1E5BF83E4BBA5E58F8AE5AFB9E585ACE58FB8E4BBB7E580BCE79A84E8AEA4E58FAFEFBC8CE6A0B9E68DAEE585ACE58FB8E5AE9EE99985E68385E586B5E4BBA5E58F8AE69CAAE69DA5E59198E5B7A5E6BF80E58AB1E79A84E99C80E8A681E380823C2F703E3C70207374796C653D22746578742D616C69676E3A2073746172743B223EE38080E38080E6AD8CE5B094E882A1E4BBBDE4B88AE8BFB0E59B9EE8B4ADE8AEA1E58892E4BA8E32303235E5B9B434E69C883130E697A5E58F91E5B883EFBC8CE5AE9EE696BDE69C9FE99990E4B8BAE887AA32303235E5B9B434E69C883130E697A5E8B5B7E4B88DE8B685E8BF873132E4B8AAE69C88EFBC8CE59B9EE8B4ADE882A1E4BBBDE8AEA1E58892E794A8E4BA8EE585ACE58FB8E59198E5B7A5E68C81E882A1E8AEA1E58892E68896E882A1E69D83E6BF80E58AB1E8AEA1E58892E380823C2F703E3C70207374796C653D22746578742D616C69676E3A2073746172743B223EE38080E38080E6AD8CE5B094E882A1E4BBBDE4B88AE8BFB0E59B9EE8B4ADE8AEA1E58892E59CA832303235E5B9B434E69C883130E697A5E58F91E5B883E697B6EFBC8CE6ADA3E580BCE8B4B8E69893E691A9E693A6E586B2E587BBE4B98BE697B6EFBC8CE5BDBCE697B6E6AD8CE5B094E882A1E4BBBDE4B880E5BAA6E7BB8FE58E8633E4B8AAE8BF9EE7BBADE8B78CE5819CE69DBFE38082E8808CE5BD93E5898DE6AD8CE5B094E882A1E4BBBDE899BDE69CAAE7BB8FE58E8632303235E5B9B434E69C88E982A3E888ACE8BF85E9809FE4B88BE8B78CE8A18CE68385EFBC8CE4BD86E8BF91E69C9FE585ACE58FB8E882A1E4BBB7E4B99FE68C81E7BBADE5BCB1E58ABFE38082E6ADA4E6ACA1E58F91E5B883E5A29EE58AA0E59B9EE8B4ADE98791E9A29DE696B9E6A188E5898DEFBC8CE585ACE58FB8E882A1E4BBB7E59CA8E697A54BE7BABFE59BBEE4B88AE5B7B2E7BB8F35E8BF9EE998B4EFBC8CE8BE8332303235E5B9B43130E69C88E9AB98E782B934302E3533E58583EFBC88E5898DE5A48DE69D83EFBC89E4B88BE8B78CE5B985E5BAA6E8B685333525E380823C2F703E3C70207374796C653D22746578742D616C69676E3A2073746172743B223EE38080E38080E580BCE5BE97E6B3A8E6848FE79A84E698AFEFBC8CE6AD8CE5B094E882A1E4BBBDE4B88AE8BFB0E59B9EE8B4ADE8AEA1E58892E5889DE5A78BE58F91E5B883E5908EEFBC8CE585ACE58FB8E882A1E4BBB7E59CA8E4B8ADE69C9FE7BBB4E5BAA6E8A1A8E78EB0E5BCBAE58ABFE38082E4BB8EE58F91E5B883E59B9EE8B4ADE8AEA1E58892E5898DE79A8432302E3431E58583EFBC8CE59CA8E58D8AE5B9B4E697B6E997B4E5B7A6E58FB3E6B6A8E887B332303235E5B9B43130E69C88E4BBBDE79A84E9AB98E782B934302E3533E58583EFBC8CE69C80E5A4A7E6B6A8E5B985E8BEBE39382E353825E380823C2F703E3C70207374796C653D22746578742D616C69676E3A2073746172743B223EE38080E38080E4B88DE8BF87EFBC8CE585ACE58FB8E59CA8E4BB8AE5B9B431E69C88E5BA95E79A84E59B9EE8B4ADE98791E9A29DE5B7B2E7BB8FE68EA5E8BF91E696B0E696B9E6A188E79A84E4B88BE99990E98791E9A29DE38082E5A682E69E9CE585ACE58FB8E68C89E785A7E696B0E696B9E6A188E59B9EE8B4ADE8AEA1E58892E4B88BE99990E98791E9A29D3130E4BABFE58583E5AE9EE696BDE59B9EE8B4ADE8AEA1E58892EFBC8CE982A3E4B988E6848FE591B3E79D80E585ACE58FB8E69CAAE69DA5E58FAAE99C80E8A681E59B9EE8B4ADE8BE83E5B091E79A84E882A1E4BBBDE58DB3E58FAFE5AE8CE68890E4BFAEE694B9E5908EE79A84E59B9EE8B4ADE8AEA1E58892E38082E982A3E4B988EFBC8CE585ACE58FB8E69C89E6B2A1E69C89E58FAFE883BDE68C89E785A73130E4BABFE58583E79A84E4B88BE99990E98791E9A29DE5AE8CE68890E59B9EE8B4ADE8AEA1E58892E591A2EFBC9FE5AFB9E6ADA4EFBC8CE3808AE6AF8FE697A5E7BB8FE6B58EE696B0E997BBE3808BE8AEB0E88085E4BBA5E68A95E8B584E88085E8BAABE4BBBDE68BA8E68993E4BA86E585ACE58FB8E88194E7B3BBE794B5E8AF9DEFBC8CE585B6E68EA5E590ACE794B5E8AF9DE4BABAE5A3ABE8A1A8E7A4BAE2809CE8BF99E4B8AAE69A82E697B6E697A0E6B395E9808FE99CB2EFBC8CE4BD86E4BC9AE4BF9DE8AF81EFBC88E59B9EE8B4ADE98791E9A29DEFBC89E890BDE59CA8E58CBAE997B4E58685E2809DE380823C2F703E3C70207374796C653D22746578742D616C69676E3A2073746172743B223EE38080E38080E4B88DE8BF8732E69C8832E697A5E79B98E5908EEFBC8CE585ACE58FB8E58F91E5B883E4BA86E696B0E79A84E59B9EE8B4ADE8BF9BE5BAA6E38082E688AAE887B332303236E5B9B432E69C8832E697A5EFBC8CE585ACE58FB8E5B7B2E7B4AFE8AEA1E59B9EE8B4ADE882A1E4BBBD343035342E3831E4B887E882A1EFBC8CE58DA0E585ACE58FB8E680BBE882A1E69CACE79A84E6AF94E4BE8BE4B8BA312E313425EFBC8CE69C80E9AB98E68890E4BAA4E4BBB7E4B8BA33342E3039E585832FE882A1EFBC8CE69C80E4BD8EE68890E4BAA4E4BBB7E4B8BA32302E3335E585832FE882A1EFBC8CE694AFE4BB98E98791E9A29DE4B8BA31312E3038E4BABFE58583EFBC88E4B88DE590ABE4BAA4E69893E8B4B9E794A8EFBC89EFBC8CE59B9EE8B4ADE59D87E4BBB7E4B8BA32372E3332E585832FE882A1E380823C2F703E3C70207374796C653D22746578742D616C69676E3A2073746172743B223EE38080E38080E5AE9EE99985E4B88AEFBC8CE999A4E4BA86E59B9EE8B4ADEFBC8CE585ACE58FB8E69BBEE59CA8E5BD93E5898DE4BBB7E99984E8BF91E58F91E5B883E8BF87E68EA7E882A1E882A1E4B89CE5A29EE68C81E585ACE5918AE380823C2F703E, NULL, '2026-02-03 22:33:39');
INSERT INTO `sys_article` VALUES ('2018694490952302593', '三只松鼠扣非降约80%三个月两涨价   “高端性价比”或失灵一年12亿买流量', null, '/image/1770129244866.jpg', 0x3C70207374796C653D22746578742D616C69676E3A2073746172743B223E3C7370616E207374796C653D22636F6C6F723A2072676228302C20302C2030293B223EE995BFE6B19FE59586E68AA5E6B688E681AF3C2F7370616E3E20E2978FE995BFE6B19FE59586E68AA5E8AEB0E8808520E6B288E58FB3E88DA33C2F703E3C70207374796C653D22746578742D616C69676E3A2073746172743B223EE99BB6E9A39FE5B7A8E5A4B4E4B889E58FAAE69DBEE9BCA02832342E3138302C202D302E30332C202D302E31322529EFBC883330303738332E535AEFBC89E5968AE4BA86E4B889E5B9B4E79A84E2809CE9AB98E7ABAFE680A7E4BBB7E6AF94E2809DE68898E795A5EFBC8CE4BCBCE4B98EE5A4B1E781B5E4BA86E380823C2F703E3C70207374796C653D22746578742D616C69676E3A2073746172743B223EE8BF91E697A5EFBC8CE4B889E58FAAE69DBEE9BCA0E58F91E5B883E4B89AE7BBA9E9A284E5918AEFBC8CE585ACE58FB8E9A284E8AEA132303235E5B9B4E5BAA6E5AE9EE78EB0E5BD92E6AF8DE58780E588A9E6B6A6312E3335E4BABFE58583E887B3312E3735E4BABFE58583EFBC8CE5908CE6AF94E4B88BE9998D363025E5B7A6E58FB3EFBC9BE9A284E8AEA1E689A3E99D9EE58780E588A9E6B6A6E4B8BA34353030E4B887E58583E887B336353030E4B887E58583EFBC8CE5908CE6AF94E4B88BE9998D383025E5B7A6E58FB3E380823C2F703E3C70207374796C653D22746578742D616C69676E3A2073746172743B223E32303235E5B9B4E5898DE4B889E5ADA3E5BAA6EFBC8CE585ACE58FB8E5AE9EE78EB0E79A84E5BD92E6AF8DE58780E588A9E6B6A6E38081E689A3E99D9EE58780E588A9E6B6A6E58886E588ABE4B8BA312E3631E4BABFE58583E38081302E3537E4BABFE58583E380823C2F703E3C70207374796C653D22746578742D616C69676E3A2073746172743B223EE5AFB9E6AF94E58F91E78EB0EFBC8CE7ACACE59B9BE5ADA3E5BAA6EFBC8CE4B889E58FAAE69DBEE9BCA0E58FAFE883BDE4BC9AE587BAE78EB0E4BA8FE68D9FEFBC8CE58DB3E4BEBFE79B88E588A9EFBC8CE4B99FE5B086E698AFE8BF91E59B9BE5B9B4E69C80E4B8BAE7B39FE7B395E79A84E59B9BE5ADA3E5BAA6E4B89AE7BBA9E380823C2F703E3C70207374796C653D22746578742D616C69676E3A2073746172743B223EE887AA32303235E5B9B43131E69C88E5AEA3E5B883E6B6A8E4BBB7E5908EEFBC8C32303236E5B9B431E69C883139E697A5EFBC8CE4B889E58FAAE69DBEE9BCA0E4B88AE8B083E7BABFE4B88BE58886E99480E59CBAE699AFE79A84E983A8E58886E59D9AE69E9CE7A4BCE59381E7B1BBE4BBB7E6A0BCE380823C2F703E3C70207374796C653D22746578742D616C69676E3A2073746172743B223EE99288E5AFB932303235E5B9B4E7BB8FE890A5E4B89AE7BBA9E5A4A7E5B985E4B88BE6BB91EFBC8CE4B889E58FAAE69DBEE9BCA0E8A7A3E9878AE7A7B0EFBC8C32303235E5B9B4E5BAA6EFBC8CE99480E594AEE697BAE5ADA3EFBC88E5B9B4E8B4A7E88A82EFBC89E7BB93E69E84E680A7E99499E6A1A3E38081E59D9AE69E9CE58E9FE69699E4BBB7E6A0BCE8BE83E5A4A7E5B985E5BAA6E4B88AE6B6A8E38081E4B8BBE58AA8E8B083E695B4E99480E594AEE7BB93E69E84E7AD89EFBC8CE5868DE58AA0E4B88AE5898DE69C9FE68898E795A5E680A7E68A95E585A5EFBC8CE7BBBCE59088E5AFBCE887B4E588A9E6B6A6E4B88BE6BB91E380823C2F703E3C70207374796C653D22746578742D616C69676E3A2073746172743B223EE580BCE5BE97E4B880E68F90E79A84E698AFEFBC8C32303234E5B9B4EFBC8CE4B889E58FAAE69DBEE9BCA0E4B9B0E6B581E9878FE79A84E8B4B9E794A8E9AB98E8BEBE3132E4BABFE58583EFBC9B32303235E5B9B4E5898DE4B889E5ADA3E5BAA6EFBC8CE585ACE58FB8E99480E594AEE8B4B9E794A8E8B685E8BF873136E4BABFE58583EFBC8CE5908CE6AF94E5A29EE995BF323425EFBC8CE7A9B6E585B6E58E9FE59BA0EFBC8CE4B99FE698AFE59BA0E4B8BAE4B9B0E6B581E9878FE79A84E8B4B9E794A8E5A29EE58AA0E380823C2F703E3C70207374796C653D22746578742D616C69676E3A2073746172743B223E3C7370616E207374796C653D22636F6C6F723A2072676228302C20302C2030293B223EE7ACACE59B9BE5ADA3E5BAA6E4B89AE7BBA9E5889BE8BF91E59B9BE5B9B4E5908CE69C9FE69C80E5B7AE3C2F7370616E3E3C2F703E3C70207374796C653D22746578742D616C69676E3A2073746172743B223EE4B889E58FAAE69DBEE9BCA0E79A84E7BB8FE890A5E4B89AE7BBA9E5A4A7E5B985E4B88BE6BB91E380823C2F703E3C70207374796C653D22746578742D616C69676E3A2073746172743B223EE6A0B9E68DAEE8BF91E69C9FE58F91E5B883E79A84E5B9B4E5BAA6E4B89AE7BBA9E9A284E5918AEFBC8C32303235E5B9B4E5BAA6EFBC8CE4B889E58FAAE69DBEE9BCA0E9A284E8AEA1E5AE9EE78EB0E5BD92E6AF8DE58780E588A9E6B6A6E4B8BA312E3335E4BABFE58583E887B3312E3735E4BABFE58583EFBC8CE4B88EE4B88AE5B9B4E5908CE69C9FE79BB8E6AF94EFBC8CE5B086E5878FE5B091E7BAA6322E3733E4BABFE58583E887B3322E3333E4BABFE58583EFBC8CE5908CE6AF94E4B88BE9998DE5B985E5BAA6E4B8BA35372E303825E887B336362E383925EFBC9BE585ACE58FB8E9A284E8AEA1E5AE9EE78EB0E689A3E99D9EE58780E588A9E6B6A634353030E4B887E58583E887B336353030E4B887E58583EFBC8CE4B88EE4B88AE5B9B4E5908CE69C9FE79BB8E6AF94EFBC8CE5B086E5878FE5B091322E3734E4BABFE58583E887B3322E3534E4BABFE58583EFBC8CE5908CE6AF94E4B88BE9998DE5B985E5BAA6E4B8BA37392E363425E887B338352E393125E380823C2F703E3C70207374796C653D22746578742D616C69676E3A2073746172743B223EE8BF87E58EBBE587A0E5B9B4EFBC8CE4B889E58FAAE69DBEE9BCA0E79A84E7BB8FE890A5E4B89AE7BBA9E587BAE78EB0E8BF87E6B3A2E58AA8E3808232303232E5B9B4EFBC8CE585ACE58FB8E5AE9EE78EB0E79A84E890A5E4B89AE694B6E585A5E38081E5BD92E6AF8DE58780E588A9E6B6A6E58886E588ABE4B8BA37322E3933E4BABFE58583E38081312E3239E4BABFE58583EFBC8CE5908CE6AF94E4B88BE9998D32352E333525E3808136382E363125E38082E8808CE59CA832303231E5B9B4EFBC8CE585ACE58FB8E5BD92E6AF8DE58780E588A9E6B6A6E4B8BA342E3131E4BABFE58583E380823C2F703E3C70207374796C653D22746578742D616C69676E3A2073746172743B223EE5BD93E697B6EFBC8CE4B889E58FAAE69DBEE9BCA0E8A7A3E9878AEFBC8C32303232E5B9B4EFBC8CE585ACE58FB8E7A7AFE69E81E99DA2E5AFB9E5A496E983A8E68C91E68898EFBC8CE59D9AE5AE9AE68898E795A5E8BDACE59E8BE696B9E59091E5928CE586B3E5BF83EFBC8CE4B8BBE58AA8E4BC98E58C96E997A8E5BA97E38081E68EA8E58AA8534B55E7BB93E69E84E8B083E695B4E38081E58AA0E5A4A7E59381E7898CE8B4B9E794A8E68A95E585A5E7AD89EFBC8CE5BDB1E5938DE5BD93E69C9FE588A9E6B6A6E380823C2F703E3C70207374796C653D22746578742D616C69676E3A2073746172743B223EE5B0B1E698AFE59CA832303232E5B9B4EFBC8CE4B889E58FAAE69DBEE9BCA0E68F90E587BAE2809CE9AB98E7ABAFE680A7E4BBB7E6AF94E2809DE68898E795A5E380823C2F703E3C70207374796C653D22746578742D616C69676E3A2073746172743B223EE7B4A7E68EA5E79D80E79A8432303233E5B9B4E3808132303234E5B9B4EFBC8CE585ACE58FB8E5AE9EE78EB0E79A84E890A5E4B89AE694B6E585A5E58886E588ABE4B8BA37312E3135E4BABFE58583E380813130362E3232E4BABFE58583EFBC8CE5908CE6AF94E58F98E58AA82D322E343525E3808134392E333025EFBC9BE5BD92E6AF8DE58780E588A9E6B6A6E58886E588ABE4B8BA322E3230E4BABFE58583E38081342E3038E4BABFE58583EFBC8CE5908CE6AF94E5A29EE995BF36392E383525E3808138352E353125E3808232303234E5B9B4EFBC8CE585ACE58FB8E890A5E4B89AE694B6E585A5E9878DE59B9EE799BEE4BABFE8A784E6A8A1EFBC8CE5B9B6E5889BE4BA86E58E86E58FB2E696B0E9AB98EFBC8CE5BD92E6AF8DE58780E588A9E6B6A6E4B99FE68EA5E8BF9132303231E5B9B4E79A84E5B785E5B3B0E380823C2F703E3C70207374796C653D22746578742D616C69676E3A2073746172743B223E32303235E5B9B4EFBC8CE4B889E58FAAE69DBEE9BCA0E79A84E5BD92E6AF8DE58780E588A9E6B6A6E5868DE5BAA6E9AAA4E9998DE38082E5898DE4B889E5ADA3E5BAA6EFBC8CE585ACE58FB8E5AE9EE78EB0E79A84E890A5E4B89AE694B6E585A5E4B8BA37372E3539E4BABFE58583EFBC8CE5908CE6AF94E5A29EE995BF382E323225EFBC8CE7BBA7E7BBADE4BF9DE68C81E5A29EE995BFEFBC9BE8808CE5BD92E6AF8DE58780E588A9E6B6A6E4B8BA312E3631E4BABFE58583E38081E689A3E99D9EE58780E588A9E6B6A6302E3537E4BABFE58583EFBC8CE58886E588ABE5908CE6AF94E4B88BE9998D35322E393125E3808137382E353725E38082E8808CE59CA832303234E5B9B4E5898DE4B889E5ADA3E5BAA6EFBC8CE585ACE58FB8E5AE9EE78EB0E79A84E890A5E4B89AE694B6E585A5E38081E5BD92E6AF8DE58780E588A9E6B6A6E58886E588ABE4B8BA37312E3639E4BABFE58583E38081332E3431E4BABFE58583EFBC8CE5908CE6AF94E5A29EE995BF35362E343625E380813130312E313525E380823C2F703E3C70207374796C653D22746578742D616C69676E3A2073746172743B223EE4B89AE7BBA9E4BB8EE5A4A7E5B985E5A29EE995BFE588B0E5A4A7E5B985E4B88BE6BB91EFBC8CE4B889E58FAAE69DBEE9BCA0E7A9B6E7AB9FE6808EE4B988E4BA86EFBC9F3C2F703E3C70207374796C653D22746578742D616C69676E3A2073746172743B223EE585B6E5AE9EEFBC8CE5BDB1E5938D32303235E585A8E5B9B4E7BB8FE890A5E4B89AE7BBA9E79A84E698AFE7ACACE4BA8CE5ADA3E5BAA6EFBC8CE8AFA5E5ADA3E5BAA6E5BD92E6AF8DE58780E588A9E6B6A6E4BA8FE68D9FE8BF87E4BABFE58583EFBC8CE4B8BAE585ACE58FB8E69C89E58FB2E4BBA5E69DA5E58D95E5ADA3E5BAA6E69C80E5A4A7E4BA8FE68D9FE38082E585ACE58FB8E8A7A3E9878AEFBC8CE4B8BBE8A681E58E9FE59BA0E698AFE59D9AE69E9CE58E9FE69699E68890E69CACE4B88AE6B6A8EFBC8CE983A8E58886E7BABFE4B88AE5B9B3E58FB0E6B581E9878FE7BB93E69E84E58F98E58C96EFBC8CE8B4B9E78E87E69C89E68980E68F90E58D87EFBC8CE585ACE58FB8E7BABFE4B88BE58886E99480E58AA0E5A4A7E5B882E59CBAE8B4B9E794A8E68A95E585A5E380823C2F703E, NULL, '2026-02-03 22:34:06');
INSERT INTO `sys_article` VALUES ('2018694714332545025', '补偿N+4！ 德国巨头博世在华启动人员优化，燃油汽车项目成“重灾区', null, '/image/1770129277447.png', 0x3C70207374796C653D22746578742D616C69676E3A2073746172743B223EE38080E8BF91E697A5EFBC8CE3808AE6ACA1E4B896E4BBA3E8BDA6E7A094E68980E3808BE4BB8EE58D9AE4B896E4B8ADE59BBDE58685E983A8E59198E5B7A5E5A484E88EB7E68289EFBC8CE79BAEE5898DE585ACE58FB8E5B7B2E5BC80E590AFE8A381E59198EFBC8CE4BABAE695B0E8BF91323030E4BABAEFBC8CE2809CE9878DE781BEE58CBAE2809DE4B8BAE58D9AE4B896E59CA8E697A0E994A1E79A84E78783E6B2B9E6B1BDE8BDA6E9A1B9E79BAEE5928CE6B0A2E78783E69699E794B5E6B1A0E9A1B9E79BAEE380823C2F703E3C70207374796C653D22746578742D616C69676E3A2073746172743B223EE38080E38080E58FA6E69C89E59198E5B7A5E8AF81E5AE9EE8A381E59198E79A84E79C9FE5AE9EE680A7EFBC8CE4BD86E79BB4E8A880E585ACE58FB8E79A84E8A1A5E581BFE696B9E6A188E79BB8E5AFB9E4BC98E58E9AEFBC8CE2809CE79BAEE5898DE8BF99E587A0E6B3A2E983BDE698AFE7BB8FE6B58EE680A7E8A381E59198EFBC8CE585A8E983A8E8A1A5E581BFE4BA864E2B34E38082E4BB8AE5B9B436E69C88E4BBBDEFBC8CE8BF98E5B086E59CA8E59BBDE58685E5BC80E590AFE4B880E8BDAEE8A381E59198EFBC8CE6B689E58F8AE59198E5B7A5E4BC9AE69BB4E5A49AE2809DE380823C2F703E3C70207374796C653D22746578742D616C69676E3A2073746172743B223EE38080E38080E58D9AE4B896E4B8ADE59BBDE5AE98E696B9E59091E3808AE6ACA1E4B896E4BBA3E8BDA6E7A094E68980E3808BE590A6E8AEA4E4BA86E8A381E59198E4B880E8AFB4EFBC8CE7A7B0E6ADA4E4B8BEE698AFE4BC81E4B89AE79A84E6ADA3E5B8B8E7BB8FE890A5E7AEA1E79086E6B7B1E58C96E8A18CE4B8BAE380823C2F703E3C70207374796C653D22746578742D616C69676E3A2073746172743B223EE38080E38080E4BD9CE4B8BAE585A8E79083E69C80E5A4A7E6B1BDE8BDA6E99BB6E983A8E4BBB6E4BE9BE5BA94E59586EFBC8CE58D9AE4B896E79A84E8A381E59198E8A18CE58AA8E697A9E5B7B2E4B88DE698AFE7A798E5AF86E28094E2809432303234E5B9B4E69BBEE5AEA3E5B883E59CA8E5BEB7E59BBDE8A381E5919839303030E4BABAEFBC8C32303235E5B9B4E58F88E8BFBDE58AA0E8A381E59198312E33E4B887E4BABAEFBC8CE9A284E8AEA1E588B032303330E5B9B4E5BA95E5B086E8A381E59198322E32E4B887E4BABAE38082E8808CE59CA8E4B8ADE59BBDE58CBAEFBC8CE58D9AE4B896E79A84E59198E5B7A5E695B0E9878FE59188E78EB0E4BA9BE8AEB8E4B88BE9998DE8B68BE58ABFEFBC8CE6A0B9E68DAEE68AABE99CB2EFBC8CE585B6E59CA832303233E5B9B4E5BA95E69C89E7BAA6352E38E4B887E5908DE59198E5B7A5EFBC8CE4B880E5B9B4E5908EE8AFA5E695B0E68DAEE9998DE887B3352E36E4B887E380823C2F703E3C70207374796C653D22746578742D616C69676E3A2073746172743B223EE38080E38080E58D9AE4B896E4B8ADE59BBDE680BBE8A381E5BE90E5A4A7E585A8E69BBEE59DA6E8A880EFBC9AE2809CE59CA8E794B5E69CBAE38081E794B5E6A1A5E38081E794B5E68EA7E5928CE8BE85E58AA9E9A9BEE9A9B6E7AD89E696B0E585B4E9A286E59F9FEFBC8CE58D9AE4B896E79A84E79B88E588A9E78AB6E586B5E983BDE4B88DE4B990E8A782E2809DE38082E79BAEE5898DE7BAB5E8A782E8A18CE4B89AEFBC8CE58D8EE4B8BAE38081E6AF94E4BA9AE8BFAA2838372E3337302C20302E33322C20302E33372529E7AD89E5A49AE5AEB6E4B8ADE59BBDE4BC81E4B89AE5B49BE8B5B7EFBC8CE68AA2E58DA0E4BA86E5B882E59CBAE4BBBDE9A29DEFBC8CE58D9AE5A3ABE59CA8E7AB9EE4BA89E4B8ADE98090E6B890E2809CE5A4B1E5AEA0E2809DE380823C2F703E3C70207374796C653D22746578742D616C69676E3A2073746172743B223EE380803C7374726F6E673E20E99480E594AEE9A29DE4B88BE6BB91EFBC8CE4B8ADE59BBDE680BBE8A381E59DA6E8A880E2809CE8BE85E58AA9E9A9BEE9A9B6E4BB8EE9A286E58588E588B0E8BFBDE8B5B6E2809D3C2F7374726F6E673E3C2F703E3C70207374796C653D22746578742D616C69676E3A2073746172743B223EE38080E38080E585B3E4BA8EE6ADA4E6ACA1E58D9AE4B896E4B8ADE59BBDE58CBAE8A381E59198EFBC8CE58685E983A8E4BABAE5A3ABE59889E58D8EEFBC88E58C96E5908DEFBC89E59091E3808AE6ACA1E4B896E4BBA3E8BDA6E7A094E68980E3808BE9808FE99CB2EFBC8CE6ADA4E6ACA1E8A381E59198E698AFE58F97E588B0E4BCA0E7BB9FE78783E6B2B9E6B1BDE8BDA6E4B89AE58AA1E4B88DE68CAFE79A84E5BDB1E5938DE380823C2F703E3C70207374796C653D22746578742D616C69676E3A2073746172743B223EE38080E38080E58FA6E69C89E58685E983A8E4BABAE5A3ABE59091E3808AE6ACA1E4B896E4BBA3E8BDA6E7A094E68980E3808BE9808FE99CB2EFBC8CE2809CE8B5B0E79A84E4BABAE9878CEFBC8C35E5B9B4E5B7A6E58FB3E79A84E59088E5908CE588B0E69C9FE79A84E5B185E5A49AEFBC8CE59BA0E4B8BAE8BF98E5B9B4E8BDBBEFBC8CE68BBFE4BA86E992B1E8B5B0E4BABAE38082E2809DE4BD86E59CA8E4BB96E79C8BE69DA5EFBC8CE8BF99E4BA9BE59088E5908CE5BFABE588B0E69C9FE79A84E4BABAEFBC8CE5B0B1E7AE97E78EB0E59CA8E586B3E5AE9AE4B88DE8B5B0E7BBA7E7BBADE79599E4B88BEFBC8CE4B99FE68B85E5BF83E68EA5E4B88BE69DA5E58FAFE883BDE99DA2E4B8B4E79A84E69BB4E5A4A7E5B7A5E4BD9CE58E8BE58A9BE380823C2F703E3C70207374796C653D22746578742D616C69676E3A2073746172743B223EE38080E38080E58D9AE4B896E4B8ADE59BBDE59091E3808AE6ACA1E4B896E4BBA3E8BDA6E7A094E68980E3808BE8A1A8E7A4BAEFBC8CE58D9AE4B896E99B86E59BA2E9809AE5B8B8E4BC9AE59CA8E6AF8FE5B9B4E4B880E69C88E5BA95E68896E4BA8CE69C88E5889DEFBC8CE7BB9FE4B880E5AFB9E5A496E58F91E5B883E4B88AE4B880E8B4A2E5B9B4E79A84E585A8E79083E4B89AE58AA1E68385E586B5E79A84E5889DE6ADA5E695B0E68DAEEFBC8CE79BB8E585B3E4B89AE58AA1E68385E586B5E5B086E4BBA5E5B18AE697B6E68AABE99CB2E79A84E4BFA1E681AFE4B8BAE58786E380823C2F703E3C70207374796C653D22746578742D616C69676E3A2073746172743B223EE38080E38080E58D9AE4B896E5A4A7E88C83E59BB4E8A381E59198EFBC8CE4B88EE585B6E8BF91E5B9B4E69DA5E79A84E588A9E6B6A6E78E87E4B88BE6BB91E69C89E79D80E5AF86E58887E585B3E88194E38082E8BF91E697A5EFBC8CE58D9AE4B896E4B8ADE59BBDE5AE98E696B9E585ACE5B883E695B0E68DAEEFBC8C32303235E5B9B4E58D9AE4B896E99B86E59BA2E99480E594AEE9A29DE5BEAEE5A29EE887B3393130E4BABFE6ACA7E58583EFBC8832303234E5B9B4E4B8BA393033E4BABFE6ACA7E58583EFBC89EFBC8CE59CA8E8B083E695B4E6B187E78E87E5BDB1E5938DE5908EE5AE9EE99985E5A29EE5B985E4B8BA342E3225E38082E784B6E8808CEFBC8CE585B6E681AFE7A88EE5898DE588A9E6B6A6E78E87E4BB85E4B8BAE7BAA63225EFBC8CE4BD8EE4BA8EE9A284E69C9FEFBC8832303234E5B9B4E4B8BA332E3525EFBC89E380823C2F703E3C70207374796C653D22746578742D616C69676E3A2073746172743B223EE38080E38080E58D9AE4B896E99B86E59BA2E891A3E4BA8BE4BC9AE4B8BBE5B8AD20E58FB2E89282E587A1C2B7E59388E9809AE8A1A8E7A4BAEFBC8CE4B8BAE4BF9DE99A9CE995BFE69C9FE7AB9EE4BA89E58A9BE4B88EE68A95E8B584E883BDE58A9BEFBC8CE68891E4BBACE5BF85E9A1BBE58AA0E5A4A7E58A9BE5BAA6EFBC8CE8BF9BE4B880E6ADA5E4BC98E58C96E4BABAE58A9BE68890E69CACE4B88EE7B2BEE7AE80E7BB84E7BB87E69EB6E69E84E38082E58D9AE4B896E8BF98E8A1A8E7A4BAEFBC8C32303235E8B4A2E5B9B4E5A29EE995BFE4B98FE58A9BE79A84E4B8BBE8A681E58E9FE59BA0E59CA8E4BA8EE695B4E4BD93E7BB8FE6B58EE78EAFE5A283E796B2E8BDAFE4BBA5E58F8AE697A5E79B8AE4B8A5E5B3BBE79A84E5B882E59CBAE69DA1E4BBB6E38082E99480E9878FE4B88BE6BB91E5AFBCE887B4E588A9E6B6A6E78E87E694B6E7AA84EFBC8CE585B3E7A88EE68890E69CACE4B88AE58D87EFBC8CE4BBA5E58F8AE4B8BAE5BF85E8A681E79A84E7BB93E69E84E680A7E8B083E695B4E58F8AE79BB8E585B3E4BABAE59198E68EAAE696BDE8AEA1E68F90E79A84E5A4A7E9A29DE58786E5A487E98791EFBC8CE4BDBFE5BE97E4B89AE7BBA9E689BFE58F97E4BA86E6988EE698BEE58E8BE58A9BE380823C2F703E3C70207374796C653D22746578742D616C69676E3A2073746172743B223EE38080E38080E5AFB9E4BA8EE4B8ADE59BBDE58CBAE79A84E8BF90E890A5EFBC8CE58D9AE4B896E4B8ADE59BBDE59091E3808AE6ACA1E4B896E4BBA3E8BDA6E7A094E68980E3808BE79A84E59B9EE5A48DE4B8ADE59DA6E8A880EFBC8CE4BB8EE585A8E79083E5B182E99DA2E69DA5E79C8BEFBC8CE58D9AE4B896E8BF91E5B9B4E69DA5E59CA8E4BABAE59198E5928CE7BB84E7BB87E696B9E99DA2E79A84E8B083E695B4E4B8BBE8A681E99B86E4B8ADE59CA8E5BEB7E59BBDE59CB0E58CBAEFBC8CE79BAEE79A84E698AFE69BB4E5A5BDE5BA94E5AFB9E585A8E79083E6B1BDE8BDA6E4BAA7E4B89AE8BDACE59E8BE4BBA5E58F8AE5AE8FE8A782E78EAFE5A283E58F98E58C96E5B8A6E69DA5E79A84E68C91E68898E38082E4B8ADE59BBDE5B882E59CBAE4BE9DE784B6E698AFE58D9AE4B896E585A8E79083E68898E795A5E4B8ADE79A84E9878DE8A681E5A29EE995BFE5B882E59CBAEFBC8CE68891E4BBACE59CA8E58D8EE4B89AE58AA1E680BBE4BD93E4BF9DE68C81E5A29EE995BFE68081E58ABFEFBC8CE5B9B6E5B086E68C81E7BBADE68EA8E8BF9BE69CACE59C9FE58C96E68A95E8B584E5928CE5889BE696B0E5B883E5B180E38082E5908CE697B6EFBC8CE59CA8E7AB9EE4BA89E9AB98E5BAA6E6BF80E78388E38081E68A80E69CAFE5BFABE9809FE6BC94E8BF9BE79A84E5B882E59CBAE78EAFE5A283E4B8ADEFBC8CE58D9AE4B896E4BC9AE7BB93E59088E695B4E4BD93E7BB8FE890A5E68385E586B5EFBC8CE68C81E7BBADE8AF84E4BCB0E4B89AE58AA1E4B88EE7BB84E7BB87E5AE89E68E92E79A84E98082E9858DE680A7EFBC8CE4BBA5E4B88DE696ADE68F90E58D87E995BFE69C9FE7AB9EE4BA89E58A9BE380823C2F703E3C70207374796C653D22746578742D616C69676E3A2073746172743B223EE38080E38080E4BD86E4BB8EE695B0E68DAEE69DA5E79C8BEFBC8CE58D9AE4B896E8BF91E5B9B4E69DA5E59CA8E4B8ADE59BBDE5B882E59CBAE98090E6B890E587BAE78EB0E4BA86E5A29EE995BFE694BEE7BC93E68385E586B5E28094E2809432303233E8B4A2E5B9B4EFBC8CE58D9AE4B896E5AE98E696B9E68AABE99CB2E59CA8E58D8EE99480E594AEE9A29DE7BAA631333930E4BABFE58583E4BABAE6B091E5B881EFBC8CE5908CE6AF94E5A29EE995BF352E3225EFBC8C32303234E8B4A2E5B9B4EFBC8CE58D9AE4B896E59CA8E58D8EE99480E594AEE9A29DE7BAA631343237E4BABFE58583E4BABAE6B091E5B881EFBC8CE5908CE6AF94E5A29EE995BF322E3725E3808232303235E5B9B435E69C88EFBC8CE59CA8E58D9AE4B896E99B86E59BA2E5B9B4E5BAA6E696B0E997BBE58F91E5B883E4BC9AE4B88AEFBC8CE58D9AE4B896E4B8ADE59BBDE680BBE8A381E5BE90E5A4A7E585A8E59DA6E8A880EFBC9AE2809CE59CA8E794B5E69CBAE38081E794B5E6A1A5E38081E794B5E68EA7E5928CE8BE85E58AA9E9A9BEE9A9B6E7AD89E696B0E585B4E9A286E59F9FEFBC8CE79B88E588A9E78AB6E586B5E983BDE4B88DE4B990E8A782E38082E2809DE4BB96E68C87E587BAEFBC8CE8BF87E58EBBEFBC8CE58D9AE4B896E59CA84C31E5928C4C32E8BE85E58AA9E9A9BEE9A9B6E4B88AE99D9EE5B8B8E9A286E58588EFBC8CE8808CE59CA84C32E68896E69BB4E9AB98E7BAA7E79A84E8BE85E58AA9E9A9BEE9A9B6E696B9E99DA2EFBC8CE58D9AE4B896E4BB8DE5A484E4BA8EE8BFBDE8B5B6E998B6E6AEB5EFBC8CE4BD86E698AFE58D9AE4B896E59CA8E58F91E58A9BEFBC8CE5B88CE69C9BE59CA8E59F8EE58CBAE8BE85E58AA9E9A9BEE9A9B6E4B88AE58DA0E69C89E4B880E5B8ADE4B98BE59CB0E380823C2F703E3C70207374796C653D22746578742D616C69676E3A2073746172743B223EE38080E380803C7374726F6E673EE58D8EE4B8BAE38081E6AF94E4BA9AE8BFAAE2809CE59BB4E589BFE2809DEFBC8CE58D9AE4B896E98090E6B890E2809CE5A4B1E5AEA0E2809D3C2F7374726F6E673E3C2F703E3C70207374796C653D22746578742D616C69676E3A2073746172743B223EE38080E38080E4B880E4BA9BE8A18CE4B89AE695B0E68DAEE68896E8AEB8E883BDE5A49FE58F8DE698A0E587BAE58D9AE4B896E8BF91E5B9B4E69DA5E59CA8E59BBDE58685E79A84E98090E6B890E2809CE5A4B1E5AEA0E2809DE380823C2F703E3C70207374796C653D22746578742D616C69676E3A2073746172743B223EE38080E38080E6A0B9E68DAEE79B96E4B896E6B1BDE8BDA6E585ACE5B883E79A8432303235E5B9B431E2809437E69C88E8A18CE8BDA641444153E4BE9BE5BA94E59586E8A385E69CBAE9878FE68E92E8A18CE6A69CEFBC8CE58D9AE4B896E59CA832303235E5B9B431E2809437E69C88E8A385E69CBAE9878F31323533343037E5A597EFBC8CE5B882E59CBAE4BBBDE9A29D31352E3225E38082E6AF94E4BA9AE8BFAAE7B4A7E99A8FE585B6E5908EEFBC8CE5908CE69C9FE8A385E69CBAE9878F31303435323234E5A597EFBC8CE5B882E59CBAE4BBBDE9A29D31322E3725E38082E68E92E5908DE7ACACE4B889E887B3E7ACACE4BA94E79A84E59D87E4B8BAE4BCA0E7BB9FE58E82E59586E794B5E8A385E38081E98787E59F83E5AD9AE38081E7A68FE7919EE6B3B0E5858BEFBC8CE58D8EE4B8BAE58899E68E92E5908DE7ACACE585ADEFBC8CE5908CE69C9FE8A385E69CBAE9878F333537393137E5A597EFBC8CE5B882E59CBAE4BBBDE9A29D342E3325E380823C2F703E3C70207374796C653D22746578742D616C69676E3A2073746172743B223E3C696D67207372633D2268747470733A2F2F6E2E73696E61696D672E636E2F66696E616E63652F7472616E73666F726D2F3235322F77353530683530322F32303236303230332F396365642D66356364633730353065633064653134323736303865616530366232316439632E706E672220616C743D222220646174612D687265663D2222207374796C653D22223E3C62723E3C2F703E, NULL, '2026-02-03 22:35:00');

-- ----------------------------
-- Table structure for sys_budget
-- ----------------------------
DROP TABLE IF EXISTS `sys_budget`;
CREATE TABLE `sys_budget` (
  `id` varchar(36) COLLATE utf8_bin NOT NULL,
  `user_id` varchar(36) COLLATE utf8_bin DEFAULT NULL COMMENT '用户id',
  `name` varchar(255) COLLATE utf8_bin DEFAULT NULL COMMENT '预算用途',
  `price` float(11,2) DEFAULT NULL COMMENT '预算金额',
  `cycle_type` varchar(20) COLLATE utf8_bin DEFAULT 'none' COMMENT '统计周期 none month quarter year',
  `warn_ratio` float DEFAULT '0.85' COMMENT '预警比例0-1',
  `last_email_date` varchar(20) COLLATE utf8_bin DEFAULT NULL COMMENT '上次预警邮件日期',
  `create_time` datetime DEFAULT NULL COMMENT '创建时间',
  PRIMARY KEY (`id`)
) ENGINE=InnoDB DEFAULT CHARSET=utf8 COLLATE=utf8_bin;

-- ----------------------------
-- Records of sys_budget
-- ----------------------------
INSERT INTO `sys_budget` VALUES ('1897583123663732738', '1882308062962794498', '新房装修', '14000.00', 'none', 0.85, NULL, '2026-02-03 00:00:00');
INSERT INTO `sys_budget` VALUES ('1898169862195273729', '1898169281753931777', '新房装修', '120000.00', 'none', 0.85, NULL, '2026-02-03 00:00:00');
INSERT INTO `sys_budget` VALUES ('2018891399658766337', '2018890786770288642', '新房装修', '150000.00', 'none', 0.85, NULL, '2026-02-04 11:36:33');

-- ----------------------------
-- Table structure for sys_expenses
-- ----------------------------
DROP TABLE IF EXISTS `sys_expenses`;
CREATE TABLE `sys_expenses` (
  `id` varchar(36) COLLATE utf8_bin NOT NULL,
  `price` float(11,2) DEFAULT NULL COMMENT '账单金额',
  `user_id` varchar(36) COLLATE utf8_bin DEFAULT NULL COMMENT '用户id',
  `img` varchar(255) COLLATE utf8_bin DEFAULT NULL COMMENT '相关凭证',
  `content` varchar(255) COLLATE utf8_bin DEFAULT NULL COMMENT '备注',
  `expenses_time` varchar(255) COLLATE utf8_bin DEFAULT NULL COMMENT '报销日期',
  `state` varchar(255) COLLATE utf8_bin DEFAULT NULL COMMENT '报销状态',
  PRIMARY KEY (`id`)
) ENGINE=InnoDB DEFAULT CHARSET=utf8 COLLATE=utf8_bin;

-- ----------------------------
-- Records of sys_expenses
-- ----------------------------
INSERT INTO `sys_expenses` VALUES ('2018668886475464705', '480.00', '1882308062962794498', '/image/1770123125260.jpg', '差旅费用', '2026-02-03', '未报销');
INSERT INTO `sys_expenses` VALUES ('2018892250653687810', '800.00', '2018890786770288642', '/image/1770123125260.jpg', '1月出差差路费', '2026-02-04', '已报销');

-- ----------------------------
-- Table structure for sys_info
-- ----------------------------
DROP TABLE IF EXISTS `sys_info`;
CREATE TABLE `sys_info` (
  `id` varchar(36) COLLATE utf8_bin NOT NULL,
  `user_id` varchar(36) COLLATE utf8_bin DEFAULT NULL COMMENT '用户id',
  `name` varchar(255) COLLATE utf8_bin DEFAULT NULL COMMENT '记录名称',
  `price` float(11,2) DEFAULT NULL COMMENT '金额',
  `type` varchar(255) COLLATE utf8_bin DEFAULT NULL COMMENT '类型',
  `content` varchar(255) COLLATE utf8_bin DEFAULT NULL COMMENT '备注',
  `day` varchar(255) COLLATE utf8_bin DEFAULT NULL COMMENT '日期',
  `create_time` datetime DEFAULT NULL COMMENT '创建时间',
  `classify` varchar(255) COLLATE utf8_bin DEFAULT NULL COMMENT '分类',
  `budget_id` varchar(255) COLLATE utf8_bin DEFAULT NULL,
  PRIMARY KEY (`id`)
) ENGINE=InnoDB DEFAULT CHARSET=utf8 COLLATE=utf8_bin;

-- ----------------------------
-- Records of sys_info
-- ----------------------------
INSERT INTO `sys_info` VALUES ('1897571625889550338', '1882308062962794498', '2月工资', '10000.00', '收入', null, '2026-01-01', '2026-01-01 16:55:05', '工资', null);
INSERT INTO `sys_info` VALUES ('1897571946086912002', '1882308062962794498', '2月份理财收益', '4500.00', '收入', null, '2026-01-02', '2026-01-02 16:56:21', '理财投资', null);
INSERT INTO `sys_info` VALUES ('1897572030585360386', '1882308062962794498', '朋友结婚随礼', '1000.00', '支出', null, '2026-01-03', '2026-01-03 16:56:41', '其他', null);
INSERT INTO `sys_info` VALUES ('1897584820431667202', '1882308062962794498', '瓷砖加工费', '13000.00', '支出', null, '2026-01-04', '2026-01-04 17:47:31', '住房', '1897583123663732738');
INSERT INTO `sys_info` VALUES ('1898169966419533825', '1882308062962794498', '1月份工资', '10000.00', '收入', null, '2026-01-08', '2026-01-08 08:32:40', '工资', null);
INSERT INTO `sys_info` VALUES ('1898170063899353089', '1882308062962794498', '股票赚取', '10000.00', '收入', null, '2026-01-10', '2026-01-10 08:33:04', '理财投资', null);
INSERT INTO `sys_info` VALUES ('1898170129997389825', '1882308062962794498', '12月份工资(补发)', '10000.00', '收入', null, '2026-01-11', '2026-01-11 08:33:19', '工资', null);
INSERT INTO `sys_info` VALUES ('1898170240722821122', '1882308062962794498', '水电费', '500.00', '支出', null, '2026-01-12', '2026-01-12 08:33:46', '住', null);
INSERT INTO `sys_info` VALUES ('1898170352190644226', '1882308062962794498', '朋友结婚', '1000.00', '支出', '随礼', '2026-01-20', '2026-01-20 08:34:12', '其他', null);
INSERT INTO `sys_info` VALUES ('1898170502585802754', '1882308062962794498', '新房水电路改造', '6000.00', '支出', null, '2026-01-22', '2026-01-22 08:34:48', '住', '1898169862195273729');
INSERT INTO `sys_info` VALUES ('1905601154012762114', '1882308062962794498', '11月份工资(补发)', '10000.00', '收入', null, '2026-02-01', '2026-02-01 20:41:34', '工资', null);
INSERT INTO `sys_info` VALUES ('2018891173560614913', '2018890786770288642', '2月份工资', '10000.00', '收入', null, '2026-02-04', '2026-02-04 11:35:39', '工资', null);
INSERT INTO `sys_info` VALUES ('2018891520983203841', '2018890786770288642', '理财收益', '20000.00', '收入', null, '2026-02-04', '2026-02-04 11:37:02', '理财投资', null);
INSERT INTO `sys_info` VALUES ('2018891589467799553', '2018890786770288642', '私单', '5000.00', '收入', null, '2026-02-04', '2026-02-04 11:37:18', '外快', null);
INSERT INTO `sys_info` VALUES ('2018891683390849025', '2018890786770288642', '全屋硬装', '80000.00', '支出', null, '2026-02-04', '2026-02-04 11:37:41', '住房', '2018891399658766337');

-- ----------------------------
-- Table structure for sys_leaveword
-- ----------------------------
DROP TABLE IF EXISTS `sys_leaveword`;
CREATE TABLE `sys_leaveword` (
  `id` varchar(36) COLLATE utf8_bin NOT NULL,
  `content` longtext COLLATE utf8_bin,
  `user_id` varchar(36) COLLATE utf8_bin DEFAULT NULL,
  `create_time` datetime DEFAULT NULL,
  `type` varchar(255) COLLATE utf8_bin DEFAULT NULL,
  PRIMARY KEY (`id`)
) ENGINE=InnoDB DEFAULT CHARSET=utf8 COLLATE=utf8_bin;

-- ----------------------------
-- Records of sys_leaveword
-- ----------------------------
INSERT INTO `sys_leaveword` VALUES ('2018893654260744193', 0x3C703EE7BD91E7BB9CE5938DE5BA94E69C89E782B9E685A2E698AFE4B88DE698AFE69C8DE58AA1E599A8E4B88DE5A5BD213C2F703E, '2018890786770288642', '2026-02-04 11:45:31', '性能与网络');

-- ----------------------------
-- Table structure for sys_log
-- ----------------------------
DROP TABLE IF EXISTS `sys_log`;
CREATE TABLE `sys_log` (
  `id` varchar(30) COLLATE utf8_bin NOT NULL COMMENT '主键ID',
  `name` varchar(255) COLLATE utf8_bin DEFAULT NULL COMMENT '操作用户',
  `operation` varchar(255) COLLATE utf8_bin DEFAULT NULL COMMENT '操作明细',
  `create_time` datetime DEFAULT NULL COMMENT '创建时间',
  `operation_result` varchar(255) COLLATE utf8_bin DEFAULT NULL COMMENT '0成功/1失败',
  `operation_fail_reason` text COLLATE utf8_bin COMMENT '失败原因',
  PRIMARY KEY (`id`)
) ENGINE=InnoDB DEFAULT CHARSET=utf8 COLLATE=utf8_bin;

-- ----------------------------
-- Records of sys_log
-- ----------------------------

-- ----------------------------
-- Table structure for sys_menu
-- ----------------------------
DROP TABLE IF EXISTS `sys_menu`;
CREATE TABLE `sys_menu` (
  `id` varchar(30) COLLATE utf8_bin NOT NULL COMMENT '主键ID',
  `name` varchar(255) COLLATE utf8_bin DEFAULT NULL COMMENT '菜单名称',
  `icon` varchar(255) COLLATE utf8_bin DEFAULT NULL COMMENT '图标',
  `url` varchar(255) COLLATE utf8_bin DEFAULT NULL COMMENT '路由地址',
  `create_time` datetime DEFAULT NULL COMMENT '创建时间',
  `parent_id` varchar(30) COLLATE utf8_bin DEFAULT NULL COMMENT '父主键',
  `num` int(11) DEFAULT NULL COMMENT '排序',
  `component` varchar(255) COLLATE utf8_bin DEFAULT NULL COMMENT '组件路径',
  PRIMARY KEY (`id`)
) ENGINE=InnoDB DEFAULT CHARSET=utf8 COLLATE=utf8_bin;

-- ----------------------------
-- Records of sys_menu
-- ----------------------------
INSERT INTO `sys_menu` VALUES ('1879442305581121537', '系统管理', 'Tools', '', '2026-02-03 00:00:00', '', '99', '');
INSERT INTO `sys_menu` VALUES ('1879442576415719426', '角色管理', 'User', '/system/role', '2026-02-03 00:00:00', '1879442305581121537', '2', '/system/role/index');
INSERT INTO `sys_menu` VALUES ('1879442743546150913', '用户管理', 'Avatar', '/system/user', '2026-02-03 00:00:00', '1879442305581121537', '1', '/system/user/index');
INSERT INTO `sys_menu` VALUES ('1879442785455636482', '菜单管理', 'Menu', '/system/menu', '2026-02-03 00:00:00', '1879442305581121537', '3', '/system/menu/index');
INSERT INTO `sys_menu` VALUES ('1879442937255886850', '权限管理', 'Open', '/system/permission', '2026-02-03 00:00:00', '1879442305581121537', '4', '/system/permission/index');
INSERT INTO `sys_menu` VALUES ('1879445379477471234', '首页', 'HomeFilled', '/home', '2026-02-03 00:00:00', '', '1', '/home/home');
INSERT INTO `sys_menu` VALUES ('1892858572618956802', '系统公告', 'WarningFilled', '/system/notice', '2026-02-03 00:00:00', '1993601545299652609', '1', '/system/notice/index');
INSERT INTO `sys_menu` VALUES ('1893886688598462466', '财经资讯', 'Tickets', '/system/article', '2026-02-03 00:00:00', '1993601545299652609', '2', '/system/article/index');
INSERT INTO `sys_menu` VALUES ('1905152181519003649', '意见反馈', 'DocumentCopy', '/system/leaveword', '2026-02-03 00:00:00', '1993601545299652609', '2', '/system/leaveword/index');
INSERT INTO `sys_menu` VALUES ('1993601545299652609', '内容管理', 'Document', null, '2026-02-03 00:00:00', null, '2', null);
INSERT INTO `sys_menu` VALUES ('1995385260304613378', '轮播图管理', 'PictureFilled', '/system/slideshow', '2026-02-03 00:00:00', '1879442305581121537', '5', '/system/slideshow/index');
INSERT INTO `sys_menu` VALUES ('2005385260304613400', '操作日志', 'Document', '/system/log', '2026-02-03 00:00:00', '1879442305581121537', '6', '/system/log/index');

-- ----------------------------
-- Table structure for sys_message
-- ----------------------------
DROP TABLE IF EXISTS `sys_message`;
CREATE TABLE `sys_message` (
  `id` varchar(36) COLLATE utf8_bin NOT NULL COMMENT '主键',
  `user_id` varchar(36) COLLATE utf8_bin DEFAULT NULL COMMENT '接收人',
  `send_id` varchar(36) COLLATE utf8_bin DEFAULT NULL,
  `content` longtext COLLATE utf8_bin COMMENT '接收内容',
  `create_time` datetime DEFAULT NULL COMMENT '创建时间',
  `type` varchar(255) COLLATE utf8_bin DEFAULT NULL,
  `state` varchar(255) COLLATE utf8_bin DEFAULT NULL,
  PRIMARY KEY (`id`)
) ENGINE=InnoDB DEFAULT CHARSET=utf8 COLLATE=utf8_bin;

-- ----------------------------
-- Records of sys_message
-- ----------------------------
INSERT INTO `sys_message` VALUES ('2018893737295380482', '2018890786770288642', 'system', 0xE5B08FE5B08FE7AEA1E79086E59198E59B9EE5A48DE4BA86E682A83A3C703EE68891E4BBACE4BC9AE5B0BDE5BFABE58D87E7BAA7E69C8DE58AA1E599A8213C2F703E, '2026-02-04 11:45:50', '0', '1');

-- ----------------------------
-- Table structure for sys_msgcode
-- ----------------------------
DROP TABLE IF EXISTS `sys_msgcode`;
CREATE TABLE `sys_msgcode` (
  `id` varchar(36) COLLATE utf8_bin NOT NULL COMMENT '主键ID',
  `code` varchar(255) COLLATE utf8_bin DEFAULT NULL COMMENT '验证码',
  `create_time` datetime DEFAULT NULL COMMENT '创建时间',
  `expire_time` datetime DEFAULT NULL COMMENT '过期时间',
  PRIMARY KEY (`id`)
) ENGINE=InnoDB DEFAULT CHARSET=utf8 COLLATE=utf8_bin;

-- ----------------------------
-- Records of sys_msgcode
-- ----------------------------

-- ----------------------------
-- Table structure for sys_notice
-- ----------------------------
DROP TABLE IF EXISTS `sys_notice`;
CREATE TABLE `sys_notice` (
  `id` varchar(36) COLLATE utf8_bin NOT NULL COMMENT '主键',
  `title` varchar(255) COLLATE utf8_bin DEFAULT NULL COMMENT '标题',
  `content` longtext COLLATE utf8_bin COMMENT '具体内容',
  `create_time` datetime DEFAULT NULL COMMENT '创建时间',
  PRIMARY KEY (`id`)
) ENGINE=InnoDB DEFAULT CHARSET=utf8 COLLATE=utf8_bin;

-- ----------------------------
-- Records of sys_notice
-- ----------------------------
INSERT INTO `sys_notice` VALUES ('1891419454810742786', '网站开通公告', 0x3C703EE7BD91E7AB99E5BC80E9809AE585ACE5918A20E6B58BE8AF9520266E6273703B203C2F703E3C703E3C62723E3C2F703E3C703EE5AF8CE69687E69CACE7BC96E8BE91E6A186E58A9FE883BDE6B58BE8AF955B5B2546302539462539382538355D5D3C2F703E3C703E3C62723E3C2F703E3C703E3C62723E3C2F703E, '2026-02-03 00:00:00');
INSERT INTO `sys_notice` VALUES ('1891419762249031681', '网站维护公告', 0x3C703EE4BB8AE6999AE7BD91E7AB99E5B086E8BF9BE8A18CE58D87E7BAA7E7BBB4E68AA42C20E7BBB4E68AA4E697B6E997B432323A33302D32342E3030E697A0E6B395E8AEBFE997AE3C2F703E3C703EE7BB99E682A8E980A0E68890E79A84E4B88DE4BEBFE68891E4BBACE6B7B1E6849FE68AB1E6AD89213C2F703E, '2026-02-03 00:00:00');

-- ----------------------------
-- Table structure for sys_permission
-- ----------------------------
DROP TABLE IF EXISTS `sys_permission`;
CREATE TABLE `sys_permission` (
  `id` varchar(30) COLLATE utf8_bin NOT NULL COMMENT '主键ID',
  `name` varchar(255) COLLATE utf8_bin DEFAULT NULL COMMENT '权限名称',
  `type` varchar(255) COLLATE utf8_bin DEFAULT NULL COMMENT '操作类型',
  `mark` varchar(255) COLLATE utf8_bin DEFAULT NULL COMMENT '权限标识',
  `create_time` datetime DEFAULT NULL COMMENT '创建时间',
  PRIMARY KEY (`id`)
) ENGINE=InnoDB DEFAULT CHARSET=utf8 COLLATE=utf8_bin;

-- ----------------------------
-- Records of sys_permission
-- ----------------------------
INSERT INTO `sys_permission` VALUES ('1879438107355430913', '角色删除', '删', 'role:delete', '2026-02-03 00:00:00');
INSERT INTO `sys_permission` VALUES ('1879438240864321537', '角色添加', '增', 'role:insert', '2026-02-03 00:00:00');
INSERT INTO `sys_permission` VALUES ('1881611074193625089', '角色编辑', '改', 'role:edit', '2026-02-03 00:00:00');
INSERT INTO `sys_permission` VALUES ('1881611203810201602', '用户新增', '增', 'user:insert', '2026-02-03 00:00:00');
INSERT INTO `sys_permission` VALUES ('1881611281086058497', '用户编辑', '改', 'user:edit', '2026-02-03 00:00:00');
INSERT INTO `sys_permission` VALUES ('1881611355912441857', '用户删除', '删', 'user:delete', '2026-02-03 00:00:00');
INSERT INTO `sys_permission` VALUES ('1881611481586372609', '用户重置密码', '改', 'user:resetPwa', '2026-02-03 00:00:00');
INSERT INTO `sys_permission` VALUES ('1881611565766053890', '菜单新增', '增', 'menu:insert', '2026-02-03 00:00:00');
INSERT INTO `sys_permission` VALUES ('1881611631545323521', '菜单编辑', '改', 'menu:edit', '2026-02-03 00:00:00');
INSERT INTO `sys_permission` VALUES ('1881611702424866817', '菜单删除', '删', 'menu:delete', '2026-02-03 00:00:00');
INSERT INTO `sys_permission` VALUES ('1881611813058023426', '日志删除', '删', 'log:delete', '2026-02-03 00:00:00');
INSERT INTO `sys_permission` VALUES ('1881618964501532673', '权限新增', '增', 'permission:insert', '2026-02-03 00:00:00');
INSERT INTO `sys_permission` VALUES ('1881619041102106625', '权限编辑', '改', 'permission:edit', '2026-02-03 00:00:00');
INSERT INTO `sys_permission` VALUES ('1881619106910736386', '权限删除', '删', 'permission:delete', '2026-02-03 00:00:00');

-- ----------------------------
-- Table structure for sys_plan
-- ----------------------------
DROP TABLE IF EXISTS `sys_plan`;
CREATE TABLE `sys_plan` (
  `id` varchar(36) COLLATE utf8_bin NOT NULL,
  `name` varchar(255) COLLATE utf8_bin DEFAULT NULL COMMENT '目标名称',
  `price` float(11,1) DEFAULT NULL COMMENT '目标金额',
  `hasPrice` float(11,1) DEFAULT NULL COMMENT '已存入金额',
  `type` varchar(255) COLLATE utf8_bin DEFAULT NULL COMMENT '币种',
  `start_time` varchar(255) COLLATE utf8_bin DEFAULT NULL COMMENT '起始日期',
  `end_time` varchar(255) COLLATE utf8_bin DEFAULT NULL COMMENT '截止日期',
  `user_id` varchar(36) COLLATE utf8_bin DEFAULT NULL COMMENT '用户id',
  PRIMARY KEY (`id`)
) ENGINE=InnoDB DEFAULT CHARSET=utf8 COLLATE=utf8_bin;

-- ----------------------------
-- Records of sys_plan
-- ----------------------------
INSERT INTO `sys_plan` VALUES ('2018680024181301249', '买车', '150000.0', '10000.0', '收入', '2026-02-03', '2027-04-06', '1882308062962794498');
INSERT INTO `sys_plan` VALUES ('2018893406217994241', '买车', '150000.0', '10000.0', '人民币', '2026-02-04', '2027-02-10', '2018890786770288642');

-- ----------------------------
-- Table structure for sys_reply
-- ----------------------------
DROP TABLE IF EXISTS `sys_reply`;
CREATE TABLE `sys_reply` (
  `id` varchar(36) COLLATE utf8_bin NOT NULL,
  `item_id` varchar(36) COLLATE utf8_bin DEFAULT NULL,
  `content` longtext COLLATE utf8_bin,
  `user_id` varchar(36) COLLATE utf8_bin DEFAULT NULL,
  `create_time` datetime DEFAULT NULL,
  `send_id` varchar(36) COLLATE utf8_bin DEFAULT NULL COMMENT '被评论用户id',
  PRIMARY KEY (`id`)
) ENGINE=InnoDB DEFAULT CHARSET=utf8 COLLATE=utf8_bin;

-- ----------------------------
-- Records of sys_reply
-- ----------------------------
INSERT INTO `sys_reply` VALUES ('2018893737295380483', '2018893654260744193', 0x3C703EE68891E4BBACE4BC9AE5B0BDE5BFABE58D87E7BAA7E69C8DE58AA1E599A8213C2F703E, '1882308062962794498', '2026-02-04 11:45:50', '2018890786770288642');

-- ----------------------------
-- Table structure for sys_role
-- ----------------------------
DROP TABLE IF EXISTS `sys_role`;
CREATE TABLE `sys_role` (
  `id` varchar(30) COLLATE utf8_bin NOT NULL COMMENT '主键ID',
  `name` varchar(500) COLLATE utf8_bin DEFAULT NULL COMMENT '角色名称',
  `description` varchar(500) COLLATE utf8_bin DEFAULT NULL COMMENT '角色描述',
  `create_name` varchar(255) COLLATE utf8_bin DEFAULT NULL COMMENT '创建人',
  PRIMARY KEY (`id`)
) ENGINE=InnoDB DEFAULT CHARSET=utf8 COLLATE=utf8_bin;

-- ----------------------------
-- Records of sys_role
-- ----------------------------
INSERT INTO `sys_role` VALUES ('1879449071886860289', '管理员', '系统最高权限拥有者', 'admin');
INSERT INTO `sys_role` VALUES ('1879449283212673025', '用户', null, 'admin123');

-- ----------------------------
-- Table structure for sys_role_permission
-- ----------------------------
DROP TABLE IF EXISTS `sys_role_permission`;
CREATE TABLE `sys_role_permission` (
  `id` varchar(30) COLLATE utf8_bin NOT NULL COMMENT '主键ID',
  `type` varchar(255) COLLATE utf8_bin DEFAULT NULL COMMENT '类型:0菜单/1权限',
  `role_id` varchar(30) COLLATE utf8_bin DEFAULT NULL COMMENT '角色id',
  `item_id` varchar(30) COLLATE utf8_bin DEFAULT NULL COMMENT '条目id:菜单表主键/权限表主键',
  PRIMARY KEY (`id`)
) ENGINE=InnoDB DEFAULT CHARSET=utf8 COLLATE=utf8_bin;

-- ----------------------------
-- Records of sys_role_permission
-- ----------------------------
INSERT INTO `sys_role_permission` VALUES ('1995385298195955713', '1', '1879449071886860289', '1881611074193625089');
INSERT INTO `sys_role_permission` VALUES ('1995385298195955714', '1', '1879449071886860289', '1879438240864321537');
INSERT INTO `sys_role_permission` VALUES ('1995385298195955715', '1', '1879449071886860289', '1879438107355430913');
INSERT INTO `sys_role_permission` VALUES ('1995385298195955716', '1', '1879449071886860289', '1881611203810201602');
INSERT INTO `sys_role_permission` VALUES ('1995385298267258882', '1', '1879449071886860289', '1881611281086058497');
INSERT INTO `sys_role_permission` VALUES ('1995385298267258883', '1', '1879449071886860289', '1881611355912441857');
INSERT INTO `sys_role_permission` VALUES ('1995385298267258884', '1', '1879449071886860289', '1881611481586372609');
INSERT INTO `sys_role_permission` VALUES ('1995385298267258885', '1', '1879449071886860289', '1881611565766053890');
INSERT INTO `sys_role_permission` VALUES ('1995385298321784834', '1', '1879449071886860289', '1881611702424866817');
INSERT INTO `sys_role_permission` VALUES ('1995385298321784835', '1', '1879449071886860289', '1881611631545323521');
INSERT INTO `sys_role_permission` VALUES ('1995385298321784836', '1', '1879449071886860289', '1881611813058023426');
INSERT INTO `sys_role_permission` VALUES ('1995385298321784837', '1', '1879449071886860289', '1881618964501532673');
INSERT INTO `sys_role_permission` VALUES ('1995385298321784838', '1', '1879449071886860289', '1881619041102106625');
INSERT INTO `sys_role_permission` VALUES ('1995385298321784839', '1', '1879449071886860289', '1881619106910736386');
INSERT INTO `sys_role_permission` VALUES ('1995385298405670915', '0', '1879449071886860289', '1879445379477471234');
INSERT INTO `sys_role_permission` VALUES ('1995385298405670916', '0', '1879449071886860289', '1993601545299652609');
INSERT INTO `sys_role_permission` VALUES ('1995385298405670917', '0', '1879449071886860289', '1892858572618956802');
INSERT INTO `sys_role_permission` VALUES ('1995385298405670918', '0', '1879449071886860289', '1893886688598462466');
INSERT INTO `sys_role_permission` VALUES ('1995385298476974081', '0', '1879449071886860289', '1897113013731725314');
INSERT INTO `sys_role_permission` VALUES ('1995385298476974082', '0', '1879449071886860289', '1905152181519003649');
INSERT INTO `sys_role_permission` VALUES ('1995385298476974083', '0', '1879449071886860289', '1879442305581121537');
INSERT INTO `sys_role_permission` VALUES ('1995385298476974084', '0', '1879449071886860289', '1879442743546150913');
INSERT INTO `sys_role_permission` VALUES ('1995385298476974085', '0', '1879449071886860289', '1879442576415719426');
INSERT INTO `sys_role_permission` VALUES ('1995385298476974086', '0', '1879449071886860289', '1879442785455636482');
INSERT INTO `sys_role_permission` VALUES ('1995385298544082945', '0', '1879449071886860289', '1879442937255886850');
INSERT INTO `sys_role_permission` VALUES ('1995385298544082946', '0', '1879449071886860289', '1995385260304613378');
INSERT INTO `sys_role_permission` VALUES ('2005385298544082947', '0', '1879449071886860289', '2005385260304613400');

-- ----------------------------
-- Table structure for sys_slideshow
-- ----------------------------
DROP TABLE IF EXISTS `sys_slideshow`;
CREATE TABLE `sys_slideshow` (
  `id` varchar(36) COLLATE utf8_bin NOT NULL COMMENT '主键',
  `item_id` varchar(36) COLLATE utf8_bin DEFAULT NULL COMMENT '商品id',
  `img` varchar(255) COLLATE utf8_bin DEFAULT NULL COMMENT '图片',
  `create_time` datetime DEFAULT NULL COMMENT '创建时间',
  PRIMARY KEY (`id`)
) ENGINE=InnoDB DEFAULT CHARSET=utf8 COLLATE=utf8_bin;

-- ----------------------------
-- Records of sys_slideshow
-- ----------------------------
INSERT INTO `sys_slideshow` VALUES ('1890217766569390082', '2018694377316024322', '/image/1770129374801.jpeg', '2026-02-03 00:00:00');

-- ----------------------------
-- Table structure for sys_user
-- ----------------------------
DROP TABLE IF EXISTS `sys_user`;
CREATE TABLE `sys_user` (
  `id` varchar(30) NOT NULL COMMENT '主键ID',
  `username` varchar(50) NOT NULL COMMENT '账户名称',
  `salt` varchar(20) DEFAULT NULL COMMENT '加密盐值',
  `password` varchar(225) NOT NULL COMMENT '用户密码密文',
  `phone` varchar(20) DEFAULT NULL COMMENT '手机号码',
  `real_name` varchar(60) DEFAULT NULL COMMENT '真实名称',
  `nick_name` varchar(60) DEFAULT NULL COMMENT '昵称',
  `email` varchar(50) DEFAULT NULL COMMENT '邮箱(唯一)',
  `status` varchar(36) DEFAULT '1' COMMENT '账户状态(1.正常 2.锁定 )',
  `sex` varchar(36) DEFAULT '1' COMMENT '性别(1.男 2.女)',
  `create_time` datetime DEFAULT NULL COMMENT '创建时间',
  `roleId` varchar(30) DEFAULT NULL COMMENT '用户角色id',
  `img_url` varchar(255) DEFAULT NULL COMMENT '用户头像',
  `community` varchar(255) DEFAULT NULL,
  `age` varchar(255) DEFAULT NULL COMMENT '年龄',
  PRIMARY KEY (`id`),
  UNIQUE KEY `uniq_username` (`username`) USING BTREE COMMENT '唯一索引'
) ENGINE=InnoDB DEFAULT CHARSET=utf8;

-- ----------------------------
-- Records of sys_user
-- ----------------------------
INSERT INTO `sys_user` VALUES ('1882308062962794498', 'admin123', null, 'admin123', '13811111111', '管理员', '小小管理员', 'admin123@qq.com', '1', '男', '2027-01-01 00:00:00', '1879449071886860289', '/image/default.jpg', null, null);
INSERT INTO `sys_user` VALUES ('2018890786770288642', 'user001', null, '123456', null, null, '用户1770176047395', 'user001@163.com', '1', '1', '2026-02-04 11:34:07', '1879449283212673025', '/image/default.jpg', null, null);
